Workbook

Sheet analyses
A1: ID | B1: runID | C1: run name in DIA-NN report | D1: sample name | E1: sample group | F1: preparation batch | G1: order ID for KNIME | H1: remove at load | I1: comment
A2: =IF(D2="","",MAX($A$1:OFFSET(A2,-1,0))+1) -> 1 | B2: =IF(A2="","","run_"&TEXT(A2,"0000")) -> run_0001 | C2: IS229_Exp1_74IS_DIA_400-0800_1_1_01_demulti | D2: 1_1 | E2: s1 | F2: b1 | G2: 1 | I2: test dataset
A3: =IF(D3="","",MAX($A$1:OFFSET(A3,-1,0))+1) -> 2 | B3: =IF(A3="","","run_"&TEXT(A3,"0000")) -> run_0002 | C3: IS229_Exp1_74IS_DIA_400-0800_1_2_01_demulti | D3: 1_2 | E3: s1 | F3: b2 | G3: 2 | I3: test dataset
A4: =IF(D4="","",MAX($A$1:OFFSET(A4,-1,0))+1) -> 3 | B4: =IF(A4="","","run_"&TEXT(A4,"0000")) -> run_0003 | C4: IS229_Exp1_74IS_DIA_400-0800_1_3_01_demulti | D4: 1_3 | E4: s1 | F4: b3 | G4: 3 | I4: test dataset
A5: =IF(D5="","",MAX($A$1:OFFSET(A5,-1,0))+1) -> 4 | B5: =IF(A5="","","run_"&TEXT(A5,"0000")) -> run_0004 | C5: IS229_Exp1_74IS_DIA_400-0800_1_4_01_demulti | D5: 1_4 | E5: s1 | F5: b4 | H5: y | I5: test dataset
A6: =IF(D6="","",MAX($A$1:OFFSET(A6,-1,0))+1) -> 5 | B6: =IF(A6="","","run_"&TEXT(A6,"0000")) -> run_0005 | C6: IS229_Exp1_74IS_DIA_400-0800_2_1_01_demulti | D6: 2_1 | E6: s2 | F6: b1 | G6: 1 | I6: test dataset
A7: =IF(D7="","",MAX($A$1:OFFSET(A7,-1,0))+1) -> 6 | B7: =IF(A7="","","run_"&TEXT(A7,"0000")) -> run_0006 | C7: IS229_Exp1_74IS_DIA_400-0800_2_2_01_demulti | D7: 2_2 | E7: s2 | F7: b2 | G7: 2 | I7: test dataset
A8: =IF(D8="","",MAX($A$1:OFFSET(A8,-1,0))+1) -> 7 | B8: =IF(A8="","","run_"&TEXT(A8,"0000")) -> run_0007 | C8: IS229_Exp1_74IS_DIA_400-0800_2_3_01_demulti | D8: 2_3 | E8: s2 | F8: b3 | G8: 3 | I8: test dataset
A9: =IF(D9="","",MAX($A$1:OFFSET(A9,-1,0))+1) -> 8 | B9: =IF(A9="","","run_"&TEXT(A9,"0000")) -> run_0008 | C9: IS229_Exp1_74IS_DIA_400-0800_2_4_01_demulti | D9: 2_4 | E9: s2 | F9: b4 | H9: y | I9: test dataset
A10: =IF(D10="","",MAX($A$1:OFFSET(A10,-1,0))+1) | B10: =IF(A10="","","run_"&TEXT(A10,"0000")) | G10: =IF(C10="","",OFFSET(A10,-1,0)+1)
A11: =IF(D11="","",MAX($A$1:OFFSET(A11,-1,0))+1) | B11: =IF(A11="","","run_"&TEXT(A11,"0000")) | G11: =IF(C11="","",OFFSET(A11,-1,0)+1)
A12: =IF(D12="","",MAX($A$1:OFFSET(A12,-1,0))+1) | B12: =IF(A12="","","run_"&TEXT(A12,"0000")) | G12: =IF(C12="","",OFFSET(A12,-1,0)+1)
A13: =IF(D13="","",MAX($A$1:OFFSET(A13,-1,0))+1) | B13: =IF(A13="","","run_"&TEXT(A13,"0000")) | G13: =IF(C13="","",OFFSET(A13,-1,0)+1)
A14: =IF(D14="","",MAX($A$1:OFFSET(A14,-1,0))+1) | B14: =IF(A14="","","run_"&TEXT(A14,"0000")) | G14: =IF(C14="","",OFFSET(A14,-1,0)+1)
A15: =IF(D15="","",MAX($A$1:OFFSET(A15,-1,0))+1) | B15: =IF(A15="","","run_"&TEXT(A15,"0000")) | G15: =IF(C15="","",OFFSET(A15,-1,0)+1)
A16: =IF(D16="","",MAX($A$1:OFFSET(A16,-1,0))+1) | B16: =IF(A16="","","run_"&TEXT(A16,"0000")) | G16: =IF(C16="","",OFFSET(A16,-1,0)+1)
A17: =IF(D17="","",MAX($A$1:OFFSET(A17,-1,0))+1) | B17: =IF(A17="","","run_"&TEXT(A17,"0000")) | G17: =IF(C17="","",OFFSET(A17,-1,0)+1)
A18: =IF(D18="","",MAX($A$1:OFFSET(A18,-1,0))+1) | B18: =IF(A18="","","run_"&TEXT(A18,"0000")) | G18: =IF(C18="","",OFFSET(A18,-1,0)+1)
A19: =IF(D19="","",MAX($A$1:OFFSET(A19,-1,0))+1) | B19: =IF(A19="","","run_"&TEXT(A19,"0000")) | G19: =IF(C19="","",OFFSET(A19,-1,0)+1)
A20: =IF(D20="","",MAX($A$1:OFFSET(A20,-1,0))+1) | B20: =IF(A20="","","run_"&TEXT(A20,"0000")) | G20: =IF(C20="","",OFFSET(A20,-1,0)+1)
A21: =IF(D21="","",MAX($A$1:OFFSET(A21,-1,0))+1) | B21: =IF(A21="","","run_"&TEXT(A21,"0000")) | G21: =IF(C21="","",OFFSET(A21,-1,0)+1)
... A10000: =IF(D10000="","",MAX($A$1:OFFSET(A10000,-1,0))+1) | B10000: =IF(A10000="","","run_"&TEXT(A10000,"0000")) | G10000: =IF(C10000="","",OFFSET(A10000,-1,0)+1)

Sheet comparisons
A1: ID | B1: compID | C1: type | D1: name | E1: comment
A2: =IF(D2="","",MAX($A$1:OFFSET(A2,-1,0))+1) -> 1 | B2: =IF(A2="","","comp_"&TEXT(A2,"000")) -> comp_001 | C2: protein_norm | D2: s1 | E2: test dataset only
A3: =IF(D3="","",MAX($A$1:OFFSET(A3,-1,0))+1) -> 2 | B3: =IF(A3="","","comp_"&TEXT(A3,"000")) -> comp_002 | C3: protein_norm | D3: s2 | E3: test dataset only
A4: =IF(D4="","",MAX($A$1:OFFSET(A4,-1,0))+1) -> 3 | B4: =IF(A4="","","comp_"&TEXT(A4,"000")) -> comp_003 | C4: protein_norm | D4: s1+s2 | E4: test dataset only
A5: =IF(D5="","",MAX($A$1:OFFSET(A5,-1,0))+1) | B5: =IF(A5="","","comp_"&TEXT(A5,"000"))
A6: =IF(D6="","",MAX($A$1:OFFSET(A6,-1,0))+1) -> 4 | B6: =IF(A6="","","comp_"&TEXT(A6,"000")) -> comp_004 | C6: peptide_norm | D6: s1 | E6: test dataset only
A7: =IF(D7="","",MAX($A$1:OFFSET(A7,-1,0))+1) -> 5 | B7: =IF(A7="","","comp_"&TEXT(A7,"000")) -> comp_005 | C7: peptide_norm | D7: s2 | E7: test dataset only
A8: =IF(D8="","",MAX($A$1:OFFSET(A8,-1,0))+1) -> 6 | B8: =IF(A8="","","comp_"&TEXT(A8,"000")) -> comp_006 | C8: peptide_norm | D8: s1+s2 | E8: test dataset only
A9: =IF(D9="","",MAX($A$1:OFFSET(A9,-1,0))+1) | B9: =IF(A9="","","comp_"&TEXT(A9,"000"))
A10: =IF(D10="","",MAX($A$1:OFFSET(A10,-1,0))+1) -> 7 | B10: =IF(A10="","","comp_"&TEXT(A10,"000")) -> comp_007 | C10: LIMMA | D10: s2-s1 | E10: test dataset only
A11: =IF(D11="","",MAX($A$1:OFFSET(A11,-1,0))+1) -> 8 | B11: =IF(A11="","","comp_"&TEXT(A11,"000")) -> comp_008 | C11: LIMMA | D11: s1-s2 | E11: test dataset only
A12: =IF(D12="","",MAX($A$1:OFFSET(A12,-1,0))+1) | B12: =IF(A12="","","comp_"&TEXT(A12,"000"))
A13: =IF(D13="","",MAX($A$1:OFFSET(A13,-1,0))+1) -> 9 | B13: =IF(A13="","","comp_"&TEXT(A13,"000")) -> comp_009 | C13: ratio | D13: 2_1/1_1 | E13: test dataset only
A14: =IF(D14="","",MAX($A$1:OFFSET(A14,-1,0))+1) -> 10 | B14: =IF(A14="","","comp_"&TEXT(A14,"000")) -> comp_010 | C14: ratio | D14: 2_2/1_2 | E14: test dataset only
A15: =IF(D15="","",MAX($A$1:OFFSET(A15,-1,0))+1) -> 11 | B15: =IF(A15="","","comp_"&TEXT(A15,"000")) -> comp_011 | C15: ratio | D15: 2_3/1_3 | E15: test dataset only
A16: =IF(D16="","",MAX($A$1:OFFSET(A16,-1,0))+1) | B16: =IF(A16="","","comp_"&TEXT(A16,"000"))
A17: =IF(D17="","",MAX($A$1:OFFSET(A17,-1,0))+1) | B17: =IF(A17="","","comp_"&TEXT(A17,"000"))
A18: =IF(D18="","",MAX($A$1:OFFSET(A18,-1,0))+1) | B18: =IF(A18="","","comp_"&TEXT(A18,"000"))
A19: =IF(D19="","",MAX($A$1:OFFSET(A19,-1,0))+1) | B19: =IF(A19="","","comp_"&TEXT(A19,"000"))
A20: =IF(D20="","",MAX($A$1:OFFSET(A20,-1,0))+1) | B20: =IF(A20="","","comp_"&TEXT(A20,"000"))
A21: =IF(D21="","",MAX($A$1:OFFSET(A21,-1,0))+1) | B21: =IF(A21="","","comp_"&TEXT(A21,"000"))
A22: =IF(D22="","",MAX($A$1:OFFSET(A22,-1,0))+1) | B22: =IF(A22="","","comp_"&TEXT(A22,"000"))
A23: =IF(D23="","",MAX($A$1:OFFSET(A23,-1,0))+1) | B23: =IF(A23="","","comp_"&TEXT(A23,"000"))
A24: =IF(D24="","",MAX($A$1:OFFSET(A24,-1,0))+1) | B24: =IF(A24="","","comp_"&TEXT(A24,"000"))
A25: =IF(D25="","",MAX($A$1:OFFSET(A25,-1,0))+1) | B25: =IF(A25="","","comp_"&TEXT(A25,"000"))
A26: =IF(D26="","",MAX($A$1:OFFSET(A26,-1,0))+1) | B26: =IF(A26="","","comp_"&TEXT(A26,"000"))
A27: =IF(D27="","",MAX($A$1:OFFSET(A27,-1,0))+1) | B27: =IF(A27="","","comp_"&TEXT(A27,"000"))
... A1000: =IF(D1000="","",MAX($A$1:OFFSET(A1000,-1,0))+1) | B1000: =IF(A1000="","","comp_"&TEXT(A1000,"000"))

Sheet analyses - wo outliers
A1: ID | B1: runID | C1: run name in DIA-NN report | D1: sample name | E1: sample group | F1: preparation batch | G1: initial order ID for KNIME | H1: remove at load | I1: comment | J1: outlier to remove? | K1: order ID for KNIME | L1: comment on outliers
A2: =IF(analyses!A2="","",analyses!A2) -> 1 | B2: =IF(analyses!B2="","",analyses!B2) -> run_0001 | C2: =IF(analyses!C2="","",analyses!C2) -> IS229_Exp1_74IS_DIA_400-0800_1_1_01_demulti | D2: =IF(analyses!D2="","",analyses!D2) -> 1_1 | E2: =IF(analyses!E2="","",analyses!E2) -> s1 | F2: =IF(analyses!F2="","",analyses!F2) -> b1 | G2: =IF(analyses!G2="","",analyses!G2) -> 1 | H2: =IF(analyses!H2="","",analyses!H2) | I2: =IF(analyses!I2="","",analyses!I2) -> test dataset
A3: =IF(analyses!A3="","",analyses!A3) -> 2 | B3: =IF(analyses!B3="","",analyses!B3) -> run_0002 | C3: =IF(analyses!C3="","",analyses!C3) -> IS229_Exp1_74IS_DIA_400-0800_1_2_01_demulti | D3: =IF(analyses!D3="","",analyses!D3) -> 1_2 | E3: =IF(analyses!E3="","",analyses!E3) -> s1 | F3: =IF(analyses!F3="","",analyses!F3) -> b2 | G3: =IF(analyses!G3="","",analyses!G3) -> 2 | H3: =IF(analyses!H3="","",analyses!H3) | I3: =IF(analyses!I3="","",analyses!I3) -> test dataset
A4: =IF(analyses!A4="","",analyses!A4) -> 3 | B4: =IF(analyses!B4="","",analyses!B4) -> run_0003 | C4: =IF(analyses!C4="","",analyses!C4) -> IS229_Exp1_74IS_DIA_400-0800_1_3_01_demulti | D4: =IF(analyses!D4="","",analyses!D4) -> 1_3 | E4: =IF(analyses!E4="","",analyses!E4) -> s1 | F4: =IF(analyses!F4="","",analyses!F4) -> b3 | G4: =IF(analyses!G4="","",analyses!G4) -> 3 | H4: =IF(analyses!H4="","",analyses!H4) | I4: =IF(analyses!I4="","",analyses!I4) -> test dataset
A5: =IF(analyses!A5="","",analyses!A5) -> 4 | B5: =IF(analyses!B5="","",analyses!B5) -> run_0004 | C5: =IF(analyses!C5="","",analyses!C5) -> IS229_Exp1_74IS_DIA_400-0800_1_4_01_demulti | D5: =IF(analyses!D5="","",analyses!D5) -> 1_4 | E5: =IF(analyses!E5="","",analyses!E5) -> s1 | F5: =IF(analyses!F5="","",analyses!F5) -> b4 | G5: =IF(analyses!G5="","",analyses!G5) | H5: =IF(analyses!H5="","",analyses!H5) -> y | I5: =IF(analyses!I5="","",analyses!I5) -> test dataset
A6: =IF(analyses!A6="","",analyses!A6) -> 5 | B6: =IF(analyses!B6="","",analyses!B6) -> run_0005 | C6: =IF(analyses!C6="","",analyses!C6) -> IS229_Exp1_74IS_DIA_400-0800_2_1_01_demulti | D6: =IF(analyses!D6="","",analyses!D6) -> 2_1 | E6: =IF(analyses!E6="","",analyses!E6) -> s2 | F6: =IF(analyses!F6="","",analyses!F6) -> b1 | G6: =IF(analyses!G6="","",analyses!G6) -> 1 | H6: =IF(analyses!H6="","",analyses!H6) | I6: =IF(analyses!I6="","",analyses!I6) -> test dataset
A7: =IF(analyses!A7="","",analyses!A7) -> 6 | B7: =IF(analyses!B7="","",analyses!B7) -> run_0006 | C7: =IF(analyses!C7="","",analyses!C7) -> IS229_Exp1_74IS_DIA_400-0800_2_2_01_demulti | D7: =IF(analyses!D7="","",analyses!D7) -> 2_2 | E7: =IF(analyses!E7="","",analyses!E7) -> s2 | F7: =IF(analyses!F7="","",analyses!F7) -> b2 | G7: =IF(analyses!G7="","",analyses!G7) -> 2 | H7: =IF(analyses!H7="","",analyses!H7) | I7: =IF(analyses!I7="","",analyses!I7) -> test dataset
A8: =IF(analyses!A8="","",analyses!A8) -> 7 | B8: =IF(analyses!B8="","",analyses!B8) -> run_0007 | C8: =IF(analyses!C8="","",analyses!C8) -> IS229_Exp1_74IS_DIA_400-0800_2_3_01_demulti | D8: =IF(analyses!D8="","",analyses!D8) -> 2_3 | E8: =IF(analyses!E8="","",analyses!E8) -> s2 | F8: =IF(analyses!F8="","",analyses!F8) -> b3 | G8: =IF(analyses!G8="","",analyses!G8) -> 3 | H8: =IF(analyses!H8="","",analyses!H8) | I8: =IF(analyses!I8="","",analyses!I8) -> test dataset
A9: =IF(analyses!A9="","",analyses!A9) -> 8 | B9: =IF(analyses!B9="","",analyses!B9) -> run_0008 | C9: =IF(analyses!C9="","",analyses!C9) -> IS229_Exp1_74IS_DIA_400-0800_2_4_01_demulti | D9: =IF(analyses!D9="","",analyses!D9) -> 2_4 | E9: =IF(analyses!E9="","",analyses!E9) -> s2 | F9: =IF(analyses!F9="","",analyses!F9) -> b4 | G9: =IF(analyses!G9="","",analyses!G9) | H9: =IF(analyses!H9="","",analyses!H9) -> y | I9: =IF(analyses!I9="","",analyses!I9) -> test dataset
A10: =IF(analyses!A10="","",analyses!A10) | B10: =IF(analyses!B10="","",analyses!B10) | C10: =IF(analyses!C10="","",analyses!C10) | D10: =IF(analyses!D10="","",analyses!D10) | E10: =IF(analyses!E10="","",analyses!E10) | F10: =IF(analyses!F10="","",analyses!F10) | G10: =IF(analyses!G10="","",analyses!G10) | H10: =IF(analyses!H10="","",analyses!H10) | I10: =IF(analyses!I10="","",analyses!I10)
A11: =IF(analyses!A11="","",analyses!A11) | B11: =IF(analyses!B11="","",analyses!B11) | C11: =IF(analyses!C11="","",analyses!C11) | D11: =IF(analyses!D11="","",analyses!D11) | E11: =IF(analyses!E11="","",analyses!E11) | F11: =IF(analyses!F11="","",analyses!F11) | G11: =IF(analyses!G11="","",analyses!G11) | H11: =IF(analyses!H11="","",analyses!H11) | I11: =IF(analyses!I11="","",analyses!I11)
A12: =IF(analyses!A12="","",analyses!A12) | B12: =IF(analyses!B12="","",analyses!B12) | C12: =IF(analyses!C12="","",analyses!C12) | D12: =IF(analyses!D12="","",analyses!D12) | E12: =IF(analyses!E12="","",analyses!E12) | F12: =IF(analyses!F12="","",analyses!F12) | G12: =IF(analyses!G12="","",analyses!G12) | H12: =IF(analyses!H12="","",analyses!H12) | I12: =IF(analyses!I12="","",analyses!I12)
A13: =IF(analyses!A13="","",analyses!A13) | B13: =IF(analyses!B13="","",analyses!B13) | C13: =IF(analyses!C13="","",analyses!C13) | D13: =IF(analyses!D13="","",analyses!D13) | E13: =IF(analyses!E13="","",analyses!E13) | F13: =IF(analyses!F13="","",analyses!F13) | G13: =IF(analyses!G13="","",analyses!G13) | H13: =IF(analyses!H13="","",analyses!H13) | I13: =IF(analyses!I13="","",analyses!I13)
... A10000: =IF(analyses!A10000="","",analyses!A10000) | B10000: =IF(analyses!B10000="","",analyses!B10000) | C10000: =IF(analyses!C10000="","",analyses!C10000) | D10000: =IF(analyses!D10000="","",analyses!D10000) | E10000: =IF(analyses!E10000="","",analyses!E10000) | F10000: =IF(analyses!F10000="","",analyses!F10000) | G10000: =IF(analyses!G10000="","",analyses!G10000) | H10000: =IF(analyses!H10000="","",analyses!H10000) | I10000: =IF(analyses!I10000="","",analyses!I10000)

Sheet comparisons - wo outliers
A1: ID | B1: compID | C1: type | D1: name | E1: comment | F1: remove? | G1: comment on removal
A2: =IF(comparisons!A2="","",comparisons!A2) -> 1 | B2: =IF(comparisons!B2="","",comparisons!B2) -> comp_001 | C2: =IF(comparisons!C2="","",comparisons!C2) -> protein_norm | D2: =IF(comparisons!D2="","",comparisons!D2) -> s1 | E2: =IF(comparisons!E2="","",comparisons!E2) -> test dataset only
A3: =IF(comparisons!A3="","",comparisons!A3) -> 2 | B3: =IF(comparisons!B3="","",comparisons!B3) -> comp_002 | C3: =IF(comparisons!C3="","",comparisons!C3) -> protein_norm | D3: =IF(comparisons!D3="","",comparisons!D3) -> s2 | E3: =IF(comparisons!E3="","",comparisons!E3) -> test dataset only
A4: =IF(comparisons!A4="","",comparisons!A4) -> 3 | B4: =IF(comparisons!B4="","",comparisons!B4) -> comp_003 | C4: =IF(comparisons!C4="","",comparisons!C4) -> protein_norm | D4: =IF(comparisons!D4="","",comparisons!D4) -> s1+s2 | E4: =IF(comparisons!E4="","",comparisons!E4) -> test dataset only
A5: =IF(comparisons!A5="","",comparisons!A5) | B5: =IF(comparisons!B5="","",comparisons!B5) | C5: =IF(comparisons!C5="","",comparisons!C5) | D5: =IF(comparisons!D5="","",comparisons!D5) | E5: =IF(comparisons!E5="","",comparisons!E5)
A6: =IF(comparisons!A6="","",comparisons!A6) -> 4 | B6: =IF(comparisons!B6="","",comparisons!B6) -> comp_004 | C6: =IF(comparisons!C6="","",comparisons!C6) -> peptide_norm | D6: =IF(comparisons!D6="","",comparisons!D6) -> s1 | E6: =IF(comparisons!E6="","",comparisons!E6) -> test dataset only
A7: =IF(comparisons!A7="","",comparisons!A7) -> 5 | B7: =IF(comparisons!B7="","",comparisons!B7) -> comp_005 | C7: =IF(comparisons!C7="","",comparisons!C7) -> peptide_norm | D7: =IF(comparisons!D7="","",comparisons!D7) -> s2 | E7: =IF(comparisons!E7="","",comparisons!E7) -> test dataset only
A8: =IF(comparisons!A8="","",comparisons!A8) -> 6 | B8: =IF(comparisons!B8="","",comparisons!B8) -> comp_006 | C8: =IF(comparisons!C8="","",comparisons!C8) -> peptide_norm | D8: =IF(comparisons!D8="","",comparisons!D8) -> s1+s2 | E8: =IF(comparisons!E8="","",comparisons!E8) -> test dataset only
A9: =IF(comparisons!A9="","",comparisons!A9) | B9: =IF(comparisons!B9="","",comparisons!B9) | C9: =IF(comparisons!C9="","",comparisons!C9) | D9: =IF(comparisons!D9="","",comparisons!D9) | E9: =IF(comparisons!E9="","",comparisons!E9)
A10: =IF(comparisons!A10="","",comparisons!A10) -> 7 | B10: =IF(comparisons!B10="","",comparisons!B10) -> comp_007 | C10: =IF(comparisons!C10="","",comparisons!C10) -> LIMMA | D10: =IF(comparisons!D10="","",comparisons!D10) -> s2-s1 | E10: =IF(comparisons!E10="","",comparisons!E10) -> test dataset only
A11: =IF(comparisons!A11="","",comparisons!A11) -> 8 | B11: =IF(comparisons!B11="","",comparisons!B11) -> comp_008 | C11: =IF(comparisons!C11="","",comparisons!C11) -> LIMMA | D11: =IF(comparisons!D11="","",comparisons!D11) -> s1-s2 | E11: =IF(comparisons!E11="","",comparisons!E11) -> test dataset only
A12: =IF(comparisons!A12="","",comparisons!A12) | B12: =IF(comparisons!B12="","",comparisons!B12) | C12: =IF(comparisons!C12="","",comparisons!C12) | D12: =IF(comparisons!D12="","",comparisons!D12) | E12: =IF(comparisons!E12="","",comparisons!E12)
A13: =IF(comparisons!A13="","",comparisons!A13) -> 9 | B13: =IF(comparisons!B13="","",comparisons!B13) -> comp_009 | C13: =IF(comparisons!C13="","",comparisons!C13) -> ratio | D13: =IF(comparisons!D13="","",comparisons!D13) -> 2_1/1_1 | E13: =IF(comparisons!E13="","",comparisons!E13) -> test dataset only
... A1000: =IF(comparisons!A1000="","",comparisons!A1000) | B1000: =IF(comparisons!B1000="","",comparisons!B1000) | C1000: =IF(comparisons!C1000="","",comparisons!C1000) | D1000: =IF(comparisons!D1000="","",comparisons!D1000) | E1000: =IF(comparisons!E1000="","",comparisons!E1000)

Sheet lists
A1: comparison type | B1: comment
A2: protein_norm | B2: subset of analyses specified using the sample groups used during the normalization tests - protein level; sample types/groups combined together using "+" will be plotted together as one subset
A3: peptide_norm | B3: subset of analyses specified using the sample groups used during the normalization tests - peptide level
A4: LIMMA | B4: contrast used during the LIMMA test (e.g., s2-s1); should not start or be equal to numerical value
A5: ratio | B5: ratio used for the not log transformed data ratio calculation (e.g., 2/1)
